ClientID,Age,SessionsAttended,TrainingCompleted,UnemploymentRate,EngagementScore,Outcome
c6b08c1d-1928-4c01-bca0-af2f32dafca8,65,1,No,3.74,0.74,Yes
b86b4d6a-4bf5-43b7-a689-eea4a4ec6c96,37,3,No,7.18,0.6,Yes
6d5b7a6b-2074-4317-82cb-4e25d98a36ce,32,7,No,3.09,0.12,Yes
2713b004-8a03-4f0c-bbcd-086a9798553b,59,4,Yes,3.15,0.63,No
7583cd22-5167-4c94-98a3-26e603940190,58,7,No,7.43,0.48,No
03f9cb90-d68d-427d-adc1-c8453238fcf9,64,7,No,5.78,0.48,No
1960e1ed-185b-4ba2-8364-ca7aadb9d1b7,52,2,No,3.84,0.01,Yes
9f4546b9-3363-4dc3-980f-513c69e2a2c8,63,0,Yes,6.06,0.24,No
4401389a-bd77-4dd8-aa86-31a043c6cd69,28,9,No,3.6,0.75,No
4dbec950-5c95-4a9b-a959-0d105bb14e99,60,1,Yes,3.23,0.17,Yes
d5bf150e-992c-49f2-b32c-e7ed2a71728b,53,4,Yes,5.94,0.58,No
3bf96191-a07a-4c1a-a64b-7c5124dde8af,58,5,Yes,4.76,0.92,No
5836df94-4aca-4282-88a1-d8d04f0f8dc7,40,9,No,7.02,0.55,No
e4371649-41c6-42dd-b1aa-d9fccf055c6c,61,1,No,4.24,0.95,No
7b0dbbeb-3f6f-4d9a-9823-6b2a2a208c0a,45,5,No,4.07,0.4,Yes
a896e72b-7a88-4bcd-9a65-a068c417e1cc,23,5,Yes,7.11,0.8,No
95b5b437-51c1-4ecb-8e5a-7520d3c4eb74,37,7,No,5.62,0.89,No
e5615a7e-bbde-4d87-a7ba-fcd1378b6a03,39,3,Yes,3.79,0.11,No
0bca508f-90dd-470e-92d2-21b156a52fc5,19,4,No,7.97,0.49,Yes
a6a66d0a-7ff0-4982-8a26-2fa8e6d27b62,52,0,No,3.5,0.96,No
a642c769-0cfd-40d6-a8ca-9a8d56e6c5cd,40,5,No,4.33,0.35,Yes
06cbdde1-b77a-43f0-828b-7abb47952cfc,55,9,No,5.12,0.89,No
18fbff80-444b-4e9f-99ae-190f281a7072,65,10,No,4.11,0.45,Yes
f7742753-c237-4a46-8b5e-2134fe7e0480,23,7,Yes,6.5,0.74,No
788bcc0a-dbcb-4bc1-aa9c-18f4365ca82d,48,2,Yes,6.53,0.18,Yes
4b13822c-bd14-4212-a4f5-2d23863a9c46,58,2,Yes,6.5,0.63,Yes
27fa8b18-caf7-473c-b7ba-4510722cca3e,42,1,No,4.13,0.05,Yes
96b51d29-3bc4-47a4-90a2-74e75951068b,19,1,No,7.02,0.0,No
98a369f8-bfb6-4a3a-b5e6-b7092b1c2db5,22,0,Yes,4.32,0.12,No
328797b9-c09c-433c-8b10-4b6f373f3c09,30,5,Yes,5.74,0.77,Yes
b2c6f35a-7e86-41b3-9c1f-46fc2ad47dc9,62,4,No,5.42,0.66,No
85626f01-c0e1-47fb-a3df-708b56eb81c2,30,2,No,7.26,0.89,Yes
7a124bb6-5950-40f2-9772-f31b33b58f3d,55,0,No,7.77,0.46,Yes
d952bf48-559b-485b-b77c-b11d15dc8c49,60,8,Yes,5.21,0.77,No
7d0ac416-1a6a-4419-aa17-a64bdcc22acd,55,2,No,7.89,0.63,Yes
a3197a89-1db2-4134-994e-1abf37a44a39,59,9,Yes,4.58,0.74,Yes
d68c8b7b-2a69-490e-ae65-dd7b2c573c5f,49,4,No,3.8,0.83,Yes
04f749a7-3384-4780-bd5d-e25bd5ff539e,37,10,Yes,7.37,0.07,Yes
baa2b8ef-5cb4-445b-9f74-83c83668295b,23,8,Yes,5.19,0.25,No
38dabe2f-c5ee-46d1-bc8c-26bc0073e73d,48,7,No,6.34,0.09,Yes
de2efee7-97ec-4be1-ab41-43bf523bc4b3,26,6,Yes,3.26,0.29,No
e1d78540-7fb8-4550-9d5a-3f0ea49aab06,30,4,No,3.96,0.39,Yes
4661d34e-03ef-47d4-b045-8636df54b63d,56,7,No,4.12,0.47,Yes
d80d2cd8-dd7c-4d3d-b8c6-c7a79a474340,62,0,Yes,3.53,0.94,No
ab6dbe69-e679-4b2b-b311-0dda6c9e53d2,64,7,No,3.47,0.94,Yes
e3588aa6-1ea9-424b-bb1f-b116a899b856,59,4,Yes,4.16,0.87,Yes
44db1aa9-fbc9-40c2-82af-15074e2482c2,45,5,Yes,4.93,0.47,No
e326563e-38f2-491d-a871-aa9c4afb492a,57,3,Yes,5.29,0.08,No
ed53e0e8-5a04-4be4-88e6-7e1c59698a08,42,9,Yes,5.12,0.07,Yes
d68ecc0c-b2ca-42e3-b5a6-1f95dff6767a,61,9,Yes,6.72,0.16,Yes
77f9854f-fc43-4ee5-b598-afbe5b98a76e,37,0,Yes,4.61,0.21,No
038ddb04-6f81-4207-aff3-1f9f6356c59c,64,3,Yes,4.35,0.23,No
21becbcd-9237-4e4b-8702-efd3420eb7f4,28,6,No,3.06,0.27,Yes
8bdf6aed-e50b-46fb-84cd-4be0c533411b,24,5,Yes,4.31,0.26,No
ce894543-e879-4598-be8d-2d564ca962b7,39,2,No,6.16,0.47,Yes
ed77e0c0-85ef-4f3d-b968-88cd4051ed77,34,3,Yes,5.31,0.26,Yes
0815d7bf-b8b2-4559-a937-9b8bbcd0c89b,56,0,Yes,3.96,0.88,No
859ac9c7-aaaf-4944-9238-c9d87795873e,54,10,No,5.84,0.81,Yes
7542dc82-29eb-4588-9cd2-6c7f44fa4569,47,2,No,6.56,0.1,Yes
1941af9b-0ee6-45a9-9d28-49aa461cd420,41,8,Yes,6.9,0.82,No
33877803-53e9-4cc6-a9fe-4e5704ca3685,23,9,Yes,3.85,0.9,Yes
37a5ffb5-091e-40a8-932d-0f4fd06eea4d,31,3,No,6.68,0.79,Yes
ea33e5a1-dda6-45b5-a4d8-c15b7ed9ff4f,56,7,Yes,7.07,0.45,No
4574eb59-fd3b-43da-a7e1-0977e389849f,18,6,No,3.71,0.52,Yes
fbbd0627-6fbc-4aa1-afb8-ffeb60fe673d,44,3,Yes,6.45,0.44,Yes
3fa66a2e-5c2b-4141-86fb-71352e14f093,42,1,No,4.59,0.65,No
452e2ce6-7622-4299-be22-e51d7efdad78,55,6,Yes,4.65,0.67,Yes
3d443e89-9f98-480e-b30f-b0cae37df183,28,0,Yes,5.43,0.47,No
6ba061bc-a06a-49d2-a490-8de137390ea9,29,9,No,3.89,0.98,No
ec983db9-df4b-4a59-a43f-d9af8508f046,26,5,Yes,4.06,0.61,No
d7667dfd-1c29-41c3-9565-3e4c74f600b9,25,1,Yes,7.35,0.28,No
ee3ebc1c-c116-4c51-89f5-9be6ec558b2d,52,4,Yes,7.97,0.93,Yes
ef337355-f65e-4f3a-bf5c-919687ec3184,56,0,Yes,6.48,0.82,No
1cffdb05-e37a-4afe-8150-5e3690f3484e,26,0,Yes,5.0,0.99,No
ecdf0d76-db99-4cb1-9e1d-db3061a534a8,44,7,Yes,6.18,0.15,No
a77bc40d-2287-4649-873c-696dd6f5e4b5,50,2,No,5.77,0.25,Yes
f3649bf8-d369-4457-bb58-3ed8f1be4b42,42,9,No,5.91,0.08,Yes
a85bb548-0b21-48af-ab39-9ac7aeaaa6af,19,10,No,5.79,0.3,Yes
53c31e78-de78-40d2-a407-376dd99bf92a,60,8,Yes,7.14,0.32,Yes
f1166fb8-9739-40ab-b856-34f7691958bc,63,5,Yes,5.14,0.34,Yes
ccb0a16b-0dc0-4f57-af41-3bd63f9ba8c4,23,1,Yes,5.87,0.97,No
ea02400e-8549-46f9-ad5a-8a36db7eefe3,60,6,No,5.9,0.72,Yes
d284d21f-0d96-4db5-b45b-39f704028c5b,38,10,No,6.56,0.08,No
7ad813ea-48f2-47d6-8c9b-30e8ccea3e36,38,4,No,3.94,0.12,No
9ca352bc-2279-4ce1-89cf-2cb00eca905b,42,2,Yes,4.85,0.05,Yes
8d3a457a-24a6-4777-8cb4-5bf84a5e9a7d,51,10,No,7.74,0.63,Yes
3787e0fa-ed4d-4582-a38a-9c4e75e4c902,65,6,No,3.04,0.47,No
a18d53d6-d133-4583-9c0d-879091729169,56,9,No,5.54,0.25,No
aefac880-8685-49e2-9c8b-ff35c950f390,33,8,No,4.66,0.32,No
073c669d-a5ea-47a4-a52b-e827a9b3f697,27,5,Yes,3.57,0.98,No
b841a412-c19d-41cc-b6a7-742900fd0eb1,65,1,No,7.0,0.33,No
5dfa3e75-5807-4ca7-afba-35e62ce7ab77,36,1,No,3.81,0.45,Yes
33e94798-4007-4e19-93ce-db4e5cbec477,59,3,Yes,3.52,0.49,No
3993d379-b3b7-4927-82ae-8807e39a3d86,27,2,Yes,4.23,0.76,No
82ff4a10-b5d1-44bd-8644-95ec134a9d4d,29,10,Yes,3.13,0.25,Yes
b2cc6909-907c-4715-add4-bbc4329db0ae,65,1,No,5.87,0.14,No
6daa5940-6ccf-415d-b8fa-9d2e95f08b77,42,0,No,5.32,0.16,No
54f90f91-c86c-4316-8046-a0b077c0ec04,27,4,No,5.92,0.53,Yes
f541d05b-9e75-4730-9f26-d129e548a7ce,45,9,No,4.34,0.94,No
f8028b25-7487-4006-8e63-9cbd944445f1,55,5,No,7.64,0.87,Yes
ec861d85-7fef-4996-bd83-a6a7433d11e2,36,6,No,4.23,0.72,No
2e05842d-06e8-4f8a-af3b-36122691a2b7,60,7,No,5.32,0.39,No
61f142d7-11e6-43d4-ad54-de5c7d7fce9e,36,7,Yes,7.13,0.37,No
beee8e8a-3b09-4fc6-b6f3-9b42375a32f1,43,0,No,4.66,0.24,Yes
95b37424-3443-46c9-839f-330070195eb1,35,8,No,7.6,0.14,No
8f1132ac-00d1-49ea-abdc-01fe411f6878,27,8,Yes,4.28,0.82,Yes
defdc5d2-3088-4698-903f-775e4f20b53a,43,7,Yes,3.51,0.48,Yes
504b351c-9d30-49fb-959c-758f487f0afd,43,4,Yes,7.17,0.38,Yes
7e571815-40c2-4b65-aec2-92eb313fa368,32,5,No,5.76,0.17,Yes
1251215c-bda1-4179-a412-be0837540d9d,39,3,Yes,7.45,0.46,Yes
1c1e751d-6aec-4766-b6cb-a47e2ac6a32b,47,3,No,7.41,0.61,Yes
2056bd39-9b9d-47e2-b977-a2f413dcecc8,25,1,Yes,7.37,0.71,Yes
26fb458d-5848-4409-a393-b5fca53ed4ea,38,2,No,3.72,0.9,No
27021e6a-e6b5-4b2b-8213-aa138061b0b8,29,0,Yes,6.87,0.64,No
a1e7d9d4-c776-4ac7-a55a-b741cfb6e4fa,54,6,No,4.72,0.7,No
cfc9ebf8-ef39-4c05-b229-1a7e9185d9f9,60,6,No,5.1,0.95,Yes
20f3ced1-8d07-4812-81f6-32e3c607d0f1,40,0,Yes,3.42,0.81,Yes
c6bd209d-9a51-4d78-9909-1eedeff2d12b,59,6,Yes,4.9,0.66,No
743624fd-ff2d-4a52-b1c6-acb72f792df7,47,4,Yes,6.06,0.49,No
9226dab4-fbaf-40a7-a9c8-94726f30079b,55,4,No,3.32,0.7,No
669ec9da-4931-46f1-9b85-395894a0b245,55,9,Yes,4.06,0.18,No
5c2e15b9-366a-48c4-b960-f27c590c63db,63,0,Yes,3.21,0.64,No
bb5de41a-082c-4a45-84af-7621ede81b51,56,1,No,5.01,0.42,No
1aa5eff8-3a97-4ec0-b804-a4afcd2df4e9,47,9,No,4.38,0.68,Yes
01f9ef24-7a7e-49ad-bdb9-29bfed732a1e,64,2,Yes,7.83,0.24,Yes
1380be11-c14b-4f9d-81b9-e00e17915de3,53,4,Yes,6.39,0.58,No
7e93f168-5365-4631-9313-f85086ab783f,55,1,No,4.28,0.34,No
82d4b53d-ab61-4254-a89a-e6cef8867792,39,7,Yes,6.59,0.23,No
8c0a0e7b-ad9f-434a-8908-530d5bae0837,43,10,No,5.78,0.51,No
471f5c17-610f-473e-99a3-7945215d06a6,50,9,No,4.6,0.92,Yes
973959a6-719c-41cc-8260-3718efe17f05,43,10,No,4.69,0.87,No
f96163c0-5bf8-47fe-930f-0b1260aec605,42,4,No,3.84,0.45,Yes
5beb57e3-8aca-417b-8d4b-66300001e868,34,1,Yes,3.26,0.02,Yes
3581ec20-6593-4038-bbe5-4265b4a61ee5,34,2,No,5.65,0.82,No
6349bb92-fd5b-4196-83d1-75973e0c1220,64,9,Yes,4.19,0.62,Yes
d5871d38-e66f-4407-b13f-28de780b25fb,28,5,No,4.68,0.26,Yes
35c80a2a-67a0-4bb7-b12f-5f6156d1a8a1,34,9,No,3.27,0.6,No
66979490-bbc5-4dc3-bc3b-670958f92b28,51,4,No,7.13,0.16,No
bcfce453-81ba-4628-878d-dc2fbb82bc0f,45,0,Yes,7.48,0.11,Yes
9b691c11-f920-4a00-b694-e47c95edea51,24,3,No,7.74,0.23,No
e9199451-f4e1-4b1a-a7fd-56cf5d0a52c3,29,8,No,6.77,0.11,Yes
a17c5e97-aa7e-4715-9fb4-c1a6d427d28b,53,8,Yes,6.88,0.68,No
e9880e12-0991-4b92-bf07-717473f56e84,43,2,No,7.29,0.31,Yes
80e1d749-0b5d-416d-ac0f-90696aa43347,18,4,No,6.67,0.99,Yes
e1a34b9a-ebc7-4465-9af9-5b513428a357,26,10,No,7.42,0.18,Yes
b5264905-a5de-4529-bdf8-565f068dbe76,49,4,No,4.16,0.63,No
341374c0-e1de-4738-9822-10e11908cff9,27,6,Yes,7.27,0.02,Yes
953eb264-7b21-45dd-9003-deb57508bae0,46,6,No,4.13,0.31,Yes
f465691f-f66a-45df-900e-957b20e80bfe,61,1,Yes,6.37,0.71,No
0ee52b53-5274-42fc-8ed5-53deceb0d51c,31,4,No,4.39,0.14,Yes
c8cfbb45-8158-4801-a7a3-a45ffc3eff1d,49,2,No,5.15,0.51,No
0a679bab-aff0-40fd-a2a6-128b9af819fd,64,3,Yes,6.41,0.56,No
dd2fc7be-8a74-4a6f-a7e1-6e920e128103,24,0,Yes,3.96,0.01,Yes
b2c9b4e1-3729-4f55-957c-1f76736d5cce,63,0,Yes,5.06,0.76,No
91acb915-12fc-45ef-b510-a7fa6adedcd6,41,6,No,7.91,0.45,Yes
bc4be734-3d7c-47ba-a996-ce6fa0793b5e,63,5,Yes,7.36,0.45,No
dfe5880b-1ecb-4546-a051-d8d6aed5301a,24,0,Yes,5.37,0.54,Yes
e1726f50-e8b8-447b-8ef2-f8bd9cb63ce9,52,8,No,5.2,0.22,Yes
7186e08e-332d-4eb9-b980-6d55bfa980bd,41,2,No,4.29,0.39,Yes
a11abfd2-05ea-4731-a07c-b874ec01b44c,40,10,Yes,4.0,0.15,Yes
c3ffe2fa-5ad7-4f25-8a09-86a05dc4d521,47,9,No,7.96,0.44,No
eb4a7e88-f83c-4370-83ff-7000575292e9,40,1,No,4.52,0.29,No
4ed01057-012b-4af1-89ec-75363c3c4997,19,9,Yes,5.76,0.86,Yes
6285dfc6-89d0-4de4-92c5-4a461a6a76dd,37,6,No,7.97,0.3,No
03e03ea5-0c3d-424c-b09d-27db264514b9,58,10,Yes,6.83,0.29,No
95b469a7-4d6f-4404-95ff-9d7514b0b31d,36,7,Yes,3.62,0.76,Yes
44ac2c7d-4789-4913-b4a6-9ded7760738e,26,8,No,6.01,0.27,No
8e67d0ed-5f36-4ee9-9ac7-bd278d898dc6,22,2,Yes,5.08,0.02,No
d310e2be-114c-44ba-9aeb-aeee3729701f,50,9,No,4.42,0.81,No
3bb628c5-0ef4-4c65-a20a-92cfe7146edf,27,9,Yes,4.55,0.31,No
232527fa-76ac-4095-aeb2-c84ae547a09e,43,8,Yes,6.62,0.09,Yes
4e7cc085-bac8-4d51-b5c4-e85535fb9118,26,5,Yes,7.86,0.06,Yes
7d72159c-ed77-4f7a-8f9f-fdb121e11857,46,2,Yes,7.65,0.16,Yes
3f3cb467-0685-4a16-8dcb-f0d07759c55e,63,7,Yes,7.99,0.37,No
86f5137f-0ad5-47f9-ac23-7d3802f163d1,50,6,Yes,6.58,0.24,Yes
3561b17c-a49d-4a46-a90f-fc2c1e47f987,42,7,No,6.34,0.91,No
9a7c4b3e-1191-4165-b95e-74e64aff2c69,60,6,No,6.58,0.57,Yes
a201a86b-1482-4afd-844f-43394446b7e4,46,5,No,6.5,0.76,Yes
d397b9c8-d603-4324-bce4-34e1a1ab77b5,18,4,Yes,3.57,0.79,Yes
f85fc7e8-7d03-4c03-8242-e832bc77dc6f,61,6,No,6.22,0.42,Yes
1afc3919-f558-4513-9a1b-a9f3be8155ae,18,8,No,7.88,0.89,Yes
ef9a05fb-c777-4bba-8083-2c790b1946d1,56,7,Yes,4.39,0.07,No
99f9370d-c8a4-402b-b527-3d4fdc8bcebd,51,9,Yes,3.95,0.16,No
8e4c2519-2bfa-4970-8a27-04c2dcb3c21f,19,5,Yes,6.44,0.99,Yes
4f5f3121-e523-4f28-8d7f-94f8cecf9663,30,2,No,3.55,0.02,Yes
28b5b72b-0e70-4220-8122-60611c6def08,18,6,Yes,7.97,0.72,No
a3af6f63-e7a6-430c-b625-84347558ae46,38,8,Yes,7.21,0.05,Yes
78ffa0b0-2591-4329-8b1b-c9057410a3ba,33,10,No,6.71,0.17,Yes
f980df17-32bc-472e-a131-739fbcf08f07,54,8,No,7.58,0.71,Yes
30686c68-45e5-41ee-9ca8-673d6030f6c6,52,1,No,6.18,0.24,Yes
f06da319-ce24-4f2a-8ec9-7626f335b7b6,46,1,No,7.27,0.09,Yes
a27f0d0a-9513-4baa-a416-80e9365a9aca,49,3,Yes,3.84,0.61,No
d309f7ae-a9d7-4940-8776-b88bbf45f8b1,52,1,Yes,3.86,0.96,Yes
bf72c5a3-1ac2-446c-8040-1fbf88baf682,28,6,Yes,4.27,0.41,No
d11b3d79-8fa0-4177-b8fa-213760b42760,51,7,Yes,6.28,0.45,Yes
d7c2eacd-3f25-48e9-83b5-8dfe3c335e86,51,1,No,3.15,0.89,No
8be72e68-b75a-4fe2-b9a8-71aff3e0dd1f,34,4,Yes,3.71,0.93,No
1195db13-99da-4ef2-9962-48a5ddd66869,51,9,No,4.89,0.96,No
33fd4d67-9809-4421-8940-2d8d057ae68f,37,5,No,3.16,0.19,No
e8c3ffad-207f-408b-a375-3c9a673c9378,50,6,No,7.4,0.94,No
2c407075-d40b-44aa-86db-435f92ca4ad7,24,1,Yes,5.91,0.32,Yes
31705ea5-fab4-4d2e-90bb-700a036703d7,52,7,Yes,4.98,0.73,Yes
3145d869-f7ac-49a8-8b34-158b7081439e,39,3,No,3.23,0.65,No
c6d24cbf-fbe0-48ce-9727-2156a20af62b,33,1,Yes,5.24,0.43,Yes
4075a793-6f8f-495f-a228-446d886c12b5,34,8,Yes,6.26,0.47,No
e4f33201-ce6e-47c3-880e-4c67a6ff59f0,48,4,No,7.76,0.5,No
98a02d97-f01f-44f5-b44f-cb81dd9acf28,46,10,No,7.59,0.38,No
669dddd6-1dc5-4f7d-b164-147424823666,40,0,No,6.97,0.93,No
c2d1ea91-01ef-4551-ba30-816e94c964d9,37,7,Yes,5.54,0.62,Yes
be04921a-dd1e-473f-bee0-519f79f9d8bd,63,0,No,6.86,0.52,No
110b911b-d7bd-4e8c-88e9-ebaffb1f80d4,56,2,Yes,4.15,0.82,Yes
7bd7e2eb-d680-4050-86c8-d64175761c21,45,2,No,4.89,0.6,Yes
f2ce2bf8-a49a-4214-8092-d03bf0438430,41,3,No,6.98,0.27,No
7006182e-ee25-4d22-b95d-cc9462ad2e0b,50,1,No,5.71,0.03,No
3dfe8b3b-6117-4b20-ad2c-2b2e1ec67c9c,43,6,No,5.56,0.05,No
b816221b-1d6c-4f91-875d-b9e4f23e50ca,39,5,Yes,6.13,0.68,No
bb0c9638-c3a6-40c5-b211-63d1868c7e95,57,2,Yes,3.54,0.58,No
45bdaf27-8810-4c2f-9089-3d0513ac7c0b,65,7,No,3.78,0.27,Yes
8dcf8695-eaf0-4830-acdd-3f6f0d27e389,42,7,Yes,3.01,0.4,Yes
46c71ef7-a651-4675-ba19-4777ade218fb,27,0,No,4.57,0.71,No
b3afdc81-8a69-4999-867f-d72841a7d895,63,2,Yes,3.15,0.1,No
d4109edf-7dca-420c-9d67-98b6fa8f7093,47,2,Yes,7.76,0.11,No
6be1c500-f217-4290-93e0-086f7fe632b0,38,6,No,4.32,0.25,Yes
40db93a8-3a32-4f36-aa67-059c2c9345a4,22,8,No,7.89,0.05,Yes
c59c6530-7037-429a-beab-1e6a1886fe95,43,1,No,4.82,0.4,Yes
c543dcc1-f031-4cf9-8433-c7e017eba0b7,44,1,No,5.15,0.34,No
73d6846f-9696-4e9f-95e0-b1842230af42,47,4,No,7.47,0.28,Yes
6a58b30f-a1f6-4047-a21f-03fa8b0e5928,59,7,No,6.31,0.19,Yes
684ea085-c5c4-472e-adc9-ddce26c77ebc,39,4,Yes,5.78,0.87,Yes
693691ac-36fb-45e3-b4fd-dd41466df87c,31,9,No,6.86,0.86,Yes
352c13eb-1cc3-47f8-be2e-34d73805cb71,65,7,Yes,3.59,0.35,No
628e612a-209e-48cc-8c0c-c93b27df4316,63,3,Yes,4.27,0.4,Yes
3e191692-37e3-4a0c-b09f-4b0975751ffc,25,10,Yes,7.12,0.62,No
28a7cf33-70be-4ba1-8f4a-0a205b6d4167,58,8,Yes,3.94,0.95,No
20dc1f5c-71cd-4c95-ae18-33b421500901,24,5,No,7.6,0.83,Yes
0b5a6ab5-c1a1-49fb-9f29-3fd5fcaacc4a,39,6,No,7.95,0.77,No
72814730-aee9-4fef-8217-895c79349a25,38,10,Yes,3.42,0.22,No
27e67f83-a516-4a24-b633-53952c8171ac,21,5,No,4.33,0.95,No
087dbc06-f402-488b-8312-e9cb88995106,45,7,Yes,5.25,0.91,Yes
4ec9227c-5c92-45f9-9b15-eeb2160c20ab,34,3,Yes,7.02,0.0,No
1cad0b47-9627-4980-afbb-8f9fcc2a92e0,30,7,No,3.69,0.68,No
e8fb84d0-975f-493b-9818-cf80bd8574a5,38,1,Yes,7.55,0.86,No
8754a51f-cc90-4c6f-a6e8-e32ef9e1f84e,25,6,No,3.09,0.81,No
a8b98572-e1c1-4a2b-a4ce-baf10f6f56ef,31,10,Yes,3.63,0.83,Yes
186881d5-3ee8-4863-a2a1-76047cb11524,43,2,Yes,4.02,0.5,No
d9a2ab2c-8f4a-458c-9809-92259a9a09ca,45,8,Yes,3.2,0.6,Yes
0b389d5b-3d2a-4ab9-8d5b-bbd44b59b601,63,3,No,4.02,0.73,Yes
a2b1825c-9add-48b9-a6c4-a1c18109a79b,19,6,No,5.41,0.27,No
62089552-16d9-4d12-8601-a12bfa66adeb,24,9,No,4.57,0.57,No
27d0d457-3f67-477b-b44b-010b75bae16e,31,8,No,7.83,0.3,No
70c0dd39-23f6-4e15-b818-a87e1d575f84,44,7,Yes,7.31,0.68,Yes
1026f70f-fa11-49e6-8749-a701bd8b893a,20,3,No,5.28,0.56,Yes
ba05ca9c-70cf-4a9b-8891-19b3f9f343ae,34,2,Yes,3.39,0.39,Yes
57faf5e5-63f0-40fa-a955-e9a7c09cf2bb,36,7,Yes,7.44,0.98,No
5870f9bd-7dc8-4308-a276-cc468feec33f,29,2,No,5.98,0.95,No
9c249121-1dd2-4077-96a9-20da2f5d7f91,52,10,Yes,4.51,0.76,No
6afcc593-fba6-446f-8731-932e94e05915,46,2,No,5.89,0.11,No
7adf7050-8c51-46a7-8279-322e8df9a279,18,6,Yes,4.27,0.27,No
ee68c73e-51f2-4310-ac79-4f42243147ec,19,3,Yes,4.57,0.81,No
587b642c-5586-4d81-8021-45c9f198e5df,59,0,No,5.58,0.7,Yes
f52c9c3a-7393-494b-9777-62470f01df6c,26,1,No,4.83,0.7,No
2facc114-aef5-4c87-b507-f3dbf643f1fa,61,6,Yes,7.33,0.04,Yes
c9c0ab86-c9ac-4920-9a64-c31cc9025485,39,0,Yes,4.19,0.24,No
90e6a52c-31d3-4385-9b77-39fd02362322,29,3,No,7.21,0.26,Yes
a9f4aefb-f806-49b0-a6b4-4c028e64ce90,23,7,Yes,4.82,0.69,No
f9d31db3-aec9-4373-8431-e76e8f90b680,19,2,Yes,4.4,0.2,No
03093247-6edf-4ba1-9f5f-2c015789236a,54,0,No,6.72,0.11,No
37e5ee5e-431e-4341-99e5-31919fd02075,52,5,Yes,4.79,0.09,No
b4637568-15f3-46f2-afd8-6bcbab308afa,48,5,No,4.65,0.02,Yes
ca04df23-ae20-4adf-ba26-e83164c3dced,36,5,No,3.66,0.53,Yes
bf0ace23-e6f3-494c-b850-71b2e4907c65,27,3,Yes,5.58,0.19,No
e481f9dd-de60-4f59-a9e3-8a38169a56f0,46,8,No,4.7,0.52,No
26a23635-cd61-4039-b139-a5ed47538528,26,6,No,3.63,0.45,Yes
5d00d4f4-7d16-43a7-920a-bd1174612a93,39,1,No,6.97,0.17,Yes
f7e0e6d3-8918-4cf6-81aa-c0cd05b359a8,56,1,No,3.83,0.43,Yes
701cc83b-9b73-4164-a43b-80eda51b421e,64,5,Yes,4.64,0.66,No
3d924c1d-53b2-4b9d-87fc-f100366272bc,26,2,Yes,5.52,1.0,No
d12342ad-f4db-45cc-8036-8168dffca65a,18,5,Yes,4.96,0.01,Yes
06af72fa-d2ad-4b56-8c28-ce9a81e07c92,38,7,No,6.65,0.46,Yes
5a755575-d49d-4a37-8e6a-e1b43eb947ee,39,7,Yes,4.27,0.52,Yes
000d7574-a451-49a7-8c5e-d0fdac9fa30a,55,6,No,7.27,0.47,Yes
099e9be9-a5c5-4957-aa61-9228cc47f2e1,64,7,Yes,5.37,0.2,No
44120b9a-fe89-4455-8783-186188351fab,37,8,Yes,6.32,0.94,Yes
f9667fdc-54a4-4777-b1a2-375da32ffa43,32,6,Yes,6.6,0.03,No
fc47d324-0ecb-40d7-be8a-eace434d9f80,28,9,Yes,6.77,0.48,Yes
1637861d-e367-40a7-96d4-49141193340e,37,8,No,5.42,0.78,No
21367ee3-8a27-4a15-91f8-077f17fdbe41,43,3,Yes,3.15,0.37,Yes
cf724040-472d-40ee-a3b8-a5ef359020d9,20,4,No,6.68,0.08,Yes
e70086ce-6eff-46fa-acfc-5f395ce6d279,51,7,Yes,5.14,0.13,Yes
8c9ee7c3-54e1-4c8c-9b12-fdd72ad5039c,64,9,Yes,4.26,0.93,No
576c007b-55bc-449c-bd1e-e2e048ead1b9,42,10,No,7.95,0.99,No
d06aa9f9-c981-4567-8fca-dd93232bb6f0,28,9,No,4.47,0.73,Yes
2e0754e2-1225-4e0f-8dbb-135b3d6ef651,61,5,Yes,5.73,0.93,No
ec81111b-2175-4817-b2d0-78b1edc91f68,52,7,Yes,5.53,0.27,No
2315d4f0-d4ab-4fe6-bd3a-468c5cf6e6c2,37,5,Yes,5.76,0.22,No
1a394126-c5a3-42d4-899a-a5c9c5d10d9e,47,6,No,5.63,0.72,Yes
356eeab9-733a-4fcb-8c35-1708e8f511d2,38,5,Yes,3.31,0.52,Yes
0273de24-9833-4104-8c4d-e41606963378,44,8,No,3.11,0.51,Yes
ffc094b1-1c3b-4fd8-aae8-ff2d19b380b9,18,2,No,7.42,0.7,Yes
514c2309-2108-4b70-a34a-dac4cf9aa10e,57,9,No,3.7,0.54,No
336f5930-841b-4e6a-a822-4f5035c17185,61,0,Yes,7.78,0.1,No
4ad7c08d-9262-4071-bfe8-338c0bc8d5c7,45,10,Yes,6.43,0.37,No
771a5709-e000-48a6-a8f1-274c23b087ff,18,2,No,7.35,0.32,Yes
3b4cf9e8-d9c0-4ff9-afad-5ed2925ab147,39,9,Yes,5.13,0.7,Yes
6bad0388-6545-4d6b-86cc-b796246f9dd7,40,9,Yes,7.67,0.3,No
9e59bf1f-1c97-4349-a8db-a9e2eb230296,26,2,Yes,3.92,0.58,No
dfe6d500-3958-4ace-9a0b-a2820ac278fb,23,3,No,4.3,0.1,Yes
2e4bed49-471d-40d7-a79b-cf87f11e42e7,35,10,Yes,7.65,0.92,Yes
c140c8c8-3b2c-48f7-8fca-9120ef76ab72,30,4,Yes,6.7,0.02,Yes
785387f8-8680-481d-ae06-09a6a3a2d362,55,1,No,4.52,0.71,No
5945fa7c-88d4-4458-b705-3c26858aa24f,41,3,Yes,7.05,0.94,No
5d54a704-03a6-42db-b76d-cc936245becf,18,5,No,7.49,0.18,Yes
a00828cd-2b1f-4adf-8212-03fd7ac9eb23,37,7,Yes,6.05,0.72,No
33522fb8-4743-4133-80e5-20d5b7756fb6,51,4,No,3.73,0.95,No
c08d3d2c-7950-424d-8893-622e9c23bc2b,52,10,Yes,3.42,0.33,Yes
6ed1626c-f2e7-4b9e-96e7-a930ea3f2e26,29,10,Yes,6.35,0.88,Yes
111df635-b825-4479-b2d4-d9d4a74d9e83,36,8,No,7.04,0.39,Yes
d6ee2bd4-b3c2-4e65-b8e2-90e83ce21854,34,4,Yes,6.12,0.85,No
00f66f1b-5c3b-4189-9821-75e651f8a002,30,0,No,3.28,0.86,Yes
2416ec3e-b974-4891-80d5-2dff4b794de0,27,9,Yes,3.01,0.15,No
b497623d-bf9e-41d5-b03a-7ed7d606fa5f,49,4,No,7.97,0.86,Yes
3377bb12-6e44-49f2-b674-ec435fa9a6c0,43,6,No,4.77,0.13,Yes
4c56dbcf-0355-4d70-baa4-6319516c7612,37,8,No,7.23,0.66,No
d9ec0f19-5d10-4432-8540-299d007c56cb,35,9,No,3.56,0.07,Yes
e8eef500-4119-445c-a91f-84bca73fd70d,62,7,Yes,4.29,0.15,Yes
7da34792-6730-4aa8-9538-0865366e21c0,65,4,Yes,4.77,0.56,No
65868b93-f7c8-4b09-888e-4d2213293748,48,6,Yes,4.04,0.93,Yes
933bd64f-c0df-4992-ad68-d7d27f1cbeba,20,9,Yes,3.84,0.1,Yes
16628869-ed1d-4b93-ab12-e9d68e449c33,40,4,Yes,6.37,0.71,No
1618fafb-c22e-4ac2-98e3-580b49140ab7,40,6,No,7.22,0.66,Yes
0667a3d6-990a-4c17-beea-65b716871b2a,40,8,Yes,4.0,0.53,Yes
78040afb-f07b-4027-8ed9-f9bfd75bcacf,35,2,Yes,3.9,0.87,Yes
2f5bef81-4510-4be8-8b14-baf4a02290f3,37,6,No,6.13,0.38,No
db498811-b7da-463a-8ff3-736aff9c93c4,55,8,No,5.42,0.48,Yes
c2b81c34-df5b-4ee5-a3e4-4f18ebe51f39,42,4,Yes,3.55,0.77,Yes
853500c3-4f5f-41b9-b063-5fcd865c6d9f,39,2,Yes,7.28,0.86,No
83c9fa5d-43ef-4009-8fbd-9cd4c6d85162,39,0,No,7.94,0.99,Yes
3242a126-3957-416c-b79e-04ee688973a4,60,7,Yes,4.43,0.42,No
66176733-7d3e-42b8-94ef-949cd53b0c7d,24,2,No,7.11,0.07,Yes
61dc6c17-4144-490a-9a95-751538d77118,63,6,No,4.68,0.96,Yes
bb82a433-5934-4b33-bcad-0645224b64fd,27,10,No,6.26,0.4,No
ef84c34a-38e9-4845-b2d6-9a0ef90c2e32,33,6,Yes,5.42,0.82,No
77a2d489-5bd7-43e8-ae90-b2a1a4563163,27,7,Yes,7.8,0.5,Yes
329c5dc7-d482-4d09-9ad4-024fe33043a5,29,9,No,3.17,0.33,No
acb4a988-f948-45fc-98ce-9fdfacc9aa53,39,8,No,3.86,0.31,Yes
fe398fda-43f7-4603-a1ef-c5fce6729518,40,6,Yes,3.38,0.85,Yes
d6f53dd9-04ca-4ad7-9b06-54ad6a5b0e4f,55,2,Yes,6.03,0.35,Yes
af2ef308-d169-4339-9df6-6879ba8ed6f2,65,10,No,3.62,0.29,No
00256f1c-80d7-4560-b8ef-55e67496ea6f,27,1,Yes,6.41,0.82,Yes
ba80645c-0bc6-4024-86e1-c75003f05ede,39,8,Yes,5.0,0.46,Yes
1b90ea17-a6d3-4ad0-bdc8-ebb76aa0ec20,26,8,Yes,4.33,0.88,No
74efddab-90c4-4f93-a611-e0d83096efae,21,2,Yes,3.7,0.85,Yes
63815981-9964-43f9-a024-aae6c6e22dfc,62,4,Yes,4.17,0.33,Yes
ce28f3b6-bd44-4fc1-96cb-66bcf63b0bb5,30,10,Yes,5.01,0.6,No
c6f52aba-afa1-419c-a2d0-232484c2ac9b,18,0,No,4.3,0.62,Yes
3de346ab-82ab-492c-a83c-cedaca0b74f6,39,0,No,6.6,0.81,Yes
3e2c6630-58f8-40df-8622-3727a9088c29,41,10,Yes,7.77,0.26,Yes
51e70113-ca74-4703-9019-8a6bd0e6ca73,24,9,No,5.89,0.17,No
4eb82ee0-6ad6-4bd8-945b-06575d334119,33,9,Yes,7.78,0.78,No
1815a203-002e-41c8-b30a-f7b6b187a69e,27,8,Yes,3.08,0.63,No
b3d131df-312f-4137-921d-44194555be96,27,2,No,7.65,0.58,No
6f8a9b52-d7dc-4103-ae49-44cdcac757ef,48,0,Yes,4.75,0.75,No
05dfe056-98f9-43e1-a65e-050209306e51,55,5,Yes,7.15,0.12,Yes
3c955cf9-0d1b-4a8e-ba89-8f3c2d355f52,51,0,Yes,5.9,0.95,No
f3458a96-f09f-4be7-9dad-592763d9f9e6,52,9,No,6.86,0.38,No
14d30577-599b-41ba-8d3f-014fef664a91,38,1,Yes,4.41,0.44,Yes
3d230492-e1fd-4a36-8f0c-2f0ff96585f4,50,0,Yes,6.58,0.56,No
83c652bf-6959-4df4-af37-8e11baa2ed3f,32,3,Yes,3.19,0.95,Yes
ae38b806-9ce3-4c0c-8e92-c5c67e5e7e59,63,9,Yes,6.95,0.99,No
ef02f834-a445-4740-8c65-509411731bcd,51,2,Yes,4.34,0.78,No
f7b7a1ac-089b-4721-b2d6-51edcbf5d62a,61,7,Yes,6.98,0.97,No
e3b99b15-e1d6-43bc-9c13-22b16ddc5eed,41,2,Yes,4.92,0.86,Yes
2cb9b80e-188e-4a0f-818d-6e52fce0415b,38,2,Yes,6.11,0.03,No
456e131e-0876-4a02-b077-81b833c304c2,20,7,Yes,7.49,0.22,Yes
577e2deb-75d0-4868-97bb-373d0217d530,27,7,No,7.66,0.71,Yes
262d8fcb-1f5e-4ed2-be21-aebffe8449be,58,4,Yes,4.71,0.04,Yes
c340815f-2f31-4e42-a99d-eca364a82732,22,7,Yes,4.96,0.25,No
2f570952-164e-4eef-a9a4-07643942c2be,46,8,Yes,4.36,0.74,No
4687f4a8-c616-40ff-85e8-4153f0e3de6d,31,10,Yes,3.02,0.59,Yes
02b00722-49e6-4eec-8337-1c7c079b67dd,44,9,Yes,6.61,0.47,No
9b7b7bfa-1af8-457e-9d63-33ecb23231e8,39,9,Yes,6.7,0.11,No
68b8c15b-f5d9-40c5-b714-5ce5f41094c0,40,6,No,3.86,0.91,Yes
cfc3b00e-ff01-4abe-b72a-e2fa94d57f60,53,3,Yes,5.56,0.79,Yes
06f67a06-bcac-4d55-bef5-11db36168a7a,65,4,No,7.68,0.19,No
9d2135d9-575c-4ad4-b448-5258a2891274,63,1,Yes,3.06,0.86,Yes
e8229c42-22ec-4db3-8c50-07e7038ec307,25,9,No,5.09,0.06,No
59dab5cd-9abc-4e82-83f7-a2d078ecc5ef,56,3,Yes,6.64,0.35,No
1456a655-a00d-4381-938d-3e039945f009,56,3,Yes,7.16,0.5,No
79b16049-be90-479d-8317-9206a64f398d,62,5,No,7.88,0.88,Yes
5521cc81-0df4-4127-af19-6e641dd02275,36,3,No,7.16,0.99,No
23080cb2-3577-40eb-9c7d-4d202b26af8f,25,2,Yes,6.78,0.03,No
30ee1a07-7840-4b32-ac4a-af61482fe425,19,1,No,6.27,0.84,No
1ebbfb3c-195b-4e10-922e-798f3c71392c,58,6,No,6.59,0.62,Yes
52dd8ca1-ec79-4345-886b-5e512a2226ff,43,4,No,6.95,0.94,No
f2355f2a-13d5-4746-b89e-5b1b42fc3cf1,39,10,Yes,7.71,0.81,Yes
558d9772-6402-4ed1-9cca-4eeb8502591c,35,5,Yes,7.2,0.7,No
d2a28425-9816-481a-8fcd-bcec57634559,61,0,No,5.7,0.12,No
3f1e2464-f7b3-4481-a7b7-b6acfde22b55,20,4,No,5.73,0.96,No
38e3249d-e47e-4351-baf3-ffa68e322034,58,4,Yes,5.56,0.83,No
63fd33db-fd46-41d7-ac73-0bec332fa4af,18,9,Yes,5.38,0.93,Yes
7b980478-af76-4dd3-8a5d-005b8fa7b145,61,4,Yes,4.96,0.27,No
f90c8025-9159-4c18-9d97-2f2dce2c84fd,65,9,No,6.15,0.74,No
d7d3b681-b23d-4318-afa6-432e500ff00c,64,9,Yes,3.19,0.44,No
06ce3992-16bb-44b2-94e7-f05b504a2e46,50,0,Yes,6.1,0.78,Yes
a966765a-a73c-43e4-b799-0a9e41be97fe,18,1,No,6.82,0.26,No
95edc371-669f-40a3-b711-610900cb1cea,35,5,No,7.85,0.92,No
31c13dd4-e7c8-43ca-869d-e0061dc1bea4,35,7,No,3.64,0.59,Yes
c71ecd6c-687a-4eee-a58b-1137c0b7c608,63,7,No,3.84,0.46,No
d83ebb4c-0d57-41c2-b62b-f57ce9a1fe76,28,8,Yes,7.27,0.67,No
62456fc8-4190-45c8-bdf7-bf5e81c22fe6,37,3,No,5.96,0.97,Yes
eca2c869-1d0a-48ee-9fc6-c5dca7bbd904,31,8,Yes,5.51,0.17,No
32e788d2-00c7-4822-99b0-1f590f88e6ca,33,9,No,7.81,0.94,Yes
5d851049-eba6-45ac-a783-f4a5ef6be3b7,61,5,Yes,7.69,0.23,Yes
0ddc624d-57b8-42e6-921b-d137c722a23f,23,5,No,3.22,0.42,No
bf7e8c5f-074f-46a2-bdab-7d0b9fa7d3e3,53,3,No,4.01,0.96,No
32044128-54c6-48af-869f-9cba9673dc7d,23,10,Yes,7.87,0.79,Yes
b48e7c55-fb28-437d-8e26-595d46550dac,43,2,Yes,7.41,0.26,Yes
2eff4cc3-15c7-45ac-b096-4b0dc5589a05,55,0,No,7.93,0.43,No
f6c209ba-5aaa-4228-8c60-028920fda1ab,23,3,Yes,6.31,0.44,No
bdbab8fc-3a11-4a6f-adb6-e50a7167ff5c,21,9,Yes,6.92,0.56,No
8830d0ae-693e-4a50-88bc-b47f21a2cae1,50,8,Yes,3.02,0.69,No
67050684-51d2-4759-a2d9-635623c5850c,39,1,Yes,4.94,0.36,Yes
2c322668-0976-4a1c-8186-277ffef8209c,63,3,Yes,4.39,0.2,Yes
a75fb7db-a71f-4f47-9b0c-5980a7c6e6c9,48,8,Yes,7.59,0.25,No
093d0166-1661-47ee-8a79-b57b1dde97f5,42,10,Yes,3.34,0.97,Yes
25ac9153-a178-4587-9719-2ed065924513,35,1,Yes,7.63,0.69,No
3a6d9667-941f-4e43-8390-52cddbb9e679,27,4,No,3.14,0.27,Yes
45e8a39e-48e2-4347-b691-bc83a21048b5,33,5,Yes,5.34,0.85,Yes
972755e6-32d8-408a-b576-0f640b525e39,36,3,Yes,3.07,0.01,No
3eb19afc-5ca3-4d9b-a6e7-f364c9d99107,63,1,No,6.54,0.34,No
5e93f6f4-646b-4b43-8df4-883a1e7bfba8,61,6,No,7.51,0.11,Yes
882e2286-3b45-41fb-83ed-023b82fb6b15,51,6,Yes,4.61,0.61,No
d2c0de73-3bf7-4008-9b31-b4319f1d2606,50,10,Yes,7.63,0.64,No
5b471983-6b60-4965-a135-60777ca82555,58,4,Yes,5.55,0.44,No
8a3aa1b2-a513-4362-acb8-b7a5acb62ce8,35,1,No,7.59,0.54,No
54679e74-d195-4898-a4d1-f68f7db3f29b,40,9,No,5.81,0.51,Yes
6d9d9afb-896c-47e7-a935-1f0859d823b2,36,10,No,3.72,0.18,No
cc716d8b-aa6f-4af8-b1fc-c3657dd20ed1,62,8,Yes,6.36,0.38,Yes
7b55588d-5e4e-4429-876d-611a1be07611,40,0,Yes,4.39,0.61,Yes
9559c489-3c56-4820-953e-bc9ea66c8e71,43,4,Yes,3.16,0.93,Yes
6b80a083-0aed-4713-9360-1e543e013250,39,5,Yes,6.72,0.85,No
dfb0911e-5b39-44de-a738-df72ed186a1c,53,6,Yes,7.38,0.71,Yes
a09c7d24-8ac7-4365-ae70-a7dad4bc681c,18,8,Yes,5.8,0.44,Yes
201139b5-87ce-4e86-a2ac-fc1d5f199b2b,35,3,No,6.12,0.21,Yes
bea80629-3722-45c6-9d56-767c9435f927,47,0,Yes,4.64,0.06,Yes
31eadd33-08e0-4226-8568-4df0fb708556,53,9,No,7.53,0.42,No
4cc2b0a2-19a7-4d70-9e66-51fa49d2858c,20,10,No,3.77,0.79,No
ff62f5f3-60f7-4a7c-8151-82e800a5c02f,53,7,Yes,5.65,0.91,Yes
6d4e6ea7-9b2f-4786-bd11-2ea5f295f0c5,19,5,Yes,4.34,0.95,Yes
881bfe07-60ad-4d64-b50e-f8e90d4f4515,35,1,No,4.7,0.51,Yes
1af9594c-d570-4e10-8887-9e1c9f1427ef,63,9,Yes,6.61,0.87,No
5613a1ef-649e-441d-b02e-8e2fe7927ecf,18,1,Yes,3.37,0.25,Yes
84857d8e-7efa-46de-91a9-4630e7561e07,28,1,No,3.73,0.8,No
6bbed8e8-ff82-4978-b58f-c0f88cc236ed,65,1,No,6.7,0.3,No
0cf0a4b9-0f53-48de-aa71-6a1ad4095801,38,10,No,6.11,0.33,Yes
7af815e0-5c9e-47e6-92be-f3f897345d15,62,10,No,4.05,0.33,No
6e668fef-3a2d-42d3-a777-e4a421f66621,50,6,Yes,3.23,0.09,No
b88aba1d-e2d8-427d-9b50-2fa7c8ee234c,54,10,No,6.48,0.34,Yes
0d312ca2-b6e5-4231-9baf-aa3ff4e9cfca,29,9,No,3.83,0.32,Yes
8ee4e28b-e619-4dae-a6e7-32aab2e377ea,57,10,No,7.62,0.53,No
4e7fc8e8-dd4a-4b02-98f2-c4f440b0a71c,43,8,Yes,6.39,0.96,No
f9f7fa09-2240-4897-b9c6-176c2561a2ca,62,0,Yes,6.98,0.94,No
2be4a47d-141d-4b78-af1f-748fb0bc82e2,32,10,No,6.35,0.03,No
c95250af-0da7-4029-b552-a3e4d567e2c1,49,6,Yes,3.5,0.22,No
d2baedf5-452f-40e5-b5e1-ef9682b27d10,53,0,No,6.21,0.94,No
1821f401-721b-417a-909f-1a67fe6612f5,31,0,Yes,7.34,0.57,Yes
fa63dd94-bf5b-4290-93e3-3b22d31c75d7,48,4,No,7.13,0.39,Yes
f667b370-9334-4be4-991d-e4723adfa177,58,3,No,7.19,0.89,No
3a914f3c-fd8a-4aae-85fc-ad6043b2816c,32,3,No,4.33,0.37,No
2cc13d96-493a-4899-a068-1aa78fc87fc1,56,6,No,7.16,0.47,Yes
3c187918-0ec9-45cf-91a9-5c67cf8a56d6,34,6,No,7.77,0.77,No
4c66b019-c6af-4f8e-8de5-6e5b595a8a33,30,6,No,7.92,0.07,Yes
5b328d0a-2ff6-43ed-b06d-65f4fed59058,50,7,Yes,6.79,0.21,No
061e38a3-3ab5-4c65-8ae3-8e4cc35edc22,62,3,No,4.07,0.23,Yes
a51e62cc-8457-487a-b92b-2c148d70494a,61,1,No,6.34,0.21,No
35abfc00-22ba-47b0-9c11-29e0f9ef24c6,25,1,No,3.65,0.2,Yes
e11e6adb-2af0-4beb-839f-22dc5817fd4e,55,2,Yes,3.13,0.77,No
4d739fc5-4dd5-4eb9-836c-613507c3bacf,26,9,Yes,5.33,0.84,Yes
a1eb2932-647f-43fe-bc73-0ba37da52651,37,10,No,5.04,0.68,No
709b1cff-7286-45f4-9fa3-c392830d02fb,65,10,Yes,7.01,0.58,No
29a06d4e-4e51-438c-80ff-a83204da7881,37,8,No,7.16,0.7,No
2ae97ac5-b90a-4d96-9fe0-bd3ca8b7f39d,46,9,No,5.11,0.96,No
78953605-362c-4503-a96f-45760bd46623,51,7,Yes,6.58,0.31,No
33f78ed4-7f60-4e24-92d3-1a62d1b9c54a,60,3,Yes,5.66,0.18,No
71ae707f-e757-4189-95ce-142fddec8355,58,4,Yes,6.93,0.3,Yes
ebe7c344-6c0c-49d2-985d-0f4f2256643c,48,5,Yes,5.64,0.81,Yes
25e7bbca-a973-4feb-81a9-6ab36f8e3831,37,5,No,3.03,0.85,No
fab3e0f3-467a-437a-b05f-915bf82d9d41,59,5,No,7.28,0.21,Yes
aca9543a-9b66-41bf-83de-038b2251420c,52,6,No,4.72,0.0,Yes
2c6ad385-fa26-4beb-b216-fbdf26251ebf,56,6,Yes,4.84,0.84,No
ec8a1ae3-666d-4404-9fbc-71429768eb19,47,5,No,7.33,0.78,Yes
4ef2fb21-ca46-45a3-b2da-036ed8a3bb40,40,2,Yes,6.93,0.61,Yes
c2ffd038-43d0-4f0e-a3a6-d8ed8e715f7a,29,7,Yes,4.86,0.64,Yes
ba91cf58-a7f4-4673-8ade-199edd6866db,51,9,No,4.19,0.66,Yes
14977653-f59d-412b-8890-fc3588d5a175,58,10,Yes,6.69,0.34,No
4d15ee11-7234-4dac-b52d-63d5399c6637,53,4,No,3.89,0.53,Yes
f104e0a0-6dc9-4e4d-9b24-ff8a1cb4a682,65,5,Yes,3.69,0.33,Yes
e5fc799e-6b87-415e-85ec-8a2c725894ce,42,1,No,7.74,0.39,Yes
55260d8e-dbc3-4cf2-8667-cc47d74beeac,64,10,No,3.61,0.78,No
354d394e-06c2-4403-ae3c-160f896688e2,40,9,Yes,7.64,0.46,Yes
